{"stats":{"minecraft:custom":{"minecraft:interact_with_furnace":4,"minecraft:mob_kills":49,"minecraft:interact_with_crafting_table":11,"minecraft:leave_game":2,"minecraft:time_since_death":75959,"minecraft:sleep_in_bed":4,"minecraft:time_since_rest":4876,"minecraft:sprint_one_cm":274133,"minecraft:damage_taken":957,"minecraft:walk_one_cm":299467,"minecraft:drop":11,"minecraft:damage_dealt":4619,"minecraft:swim_one_cm":366,"minecraft:fly_one_cm":121579,"minecraft:player_kills":1,"minecraft:open_chest":4,"minecraft:crouch_one_cm":730,"minecraft:play_time":76847,"minecraft:deaths":1,"minecraft:sneak_time":196,"minecraft:walk_under_water_one_cm":8868,"minecraft:jump":1288,"minecraft:walk_on_water_one_cm":13422,"minecraft:total_world_time":76847,"minecraft:fall_one_cm":28374},"minecraft:used":{"minecraft:cooked_mutton":15,"minecraft:stone_sword":36,"minecraft:stone_pickaxe":163,"minecraft:stone_shovel":14,"minecraft:oak_planks":17,"minecraft:chest":2,"minecraft:spruce_planks":12,"minecraft:wooden_pickaxe":65,"minecraft:torch":3,"minecraft:dirt":5,"minecraft:crafting_table":4,"minecraft:white_bed":5,"minecraft:wooden_axe":40,"minecraft:chicken":1,"minecraft:spruce_sapling":2,"minecraft:stone_axe":58,"minecraft:golden_sword":68,"minecraft:egg":12},"minecraft:killed_by":{"minecraft:player":1},"minecraft:broken":{"minecraft:stone_pickaxe":1,"minecraft:golden_sword":1,"minecraft:wooden_axe":1,"minecraft:wooden_pickaxe":1},"minecraft:picked_up":{"minecraft:birch_log":3,"minecraft:crafting_table":4,"minecraft:magma_block":1,"minecraft:feather":19,"minecraft:chicken":15,"minecraft:leather":6,"minecraft:cooked_rabbit":2,"minecraft:flint":6,"minecraft:oak_log":21,"minecraft:golden_sword":2,"minecraft:dirt":45,"minecraft:raw_copper":10,"minecraft:cooked_mutton":22,"minecraft:wheat_seeds":8,"minecraft:spruce_planks":28,"minecraft:beef":11,"minecraft:poppy":2,"minecraft:light_gray_wool":3,"minecraft:sugar_cane":4,"minecraft:egg":15,"minecraft:furnace":1,"minecraft:raw_iron":5,"minecraft:sweet_berries":6,"minecraft:dandelion":3,"minecraft:porkchop":12,"minecraft:spruce_sapling":2,"minecraft:diorite":1,"minecraft:white_bed":5,"minecraft:spruce_log":14,"minecraft:arrow":2,"minecraft:rotten_flesh":3,"minecraft:granite":1,"minecraft:black_wool":3,"minecraft:mutton":60,"minecraft:coal":65,"minecraft:white_wool":27,"minecraft:cobblestone":158},"minecraft:mined":{"minecraft:white_bed":4,"minecraft:dandelion":3,"minecraft:crafting_table":2,"minecraft:granite":1,"minecraft:grass_block":21,"minecraft:poppy":2,"minecraft:copper_ore":4,"minecraft:tall_grass":13,"minecraft:spruce_leaves":12,"minecraft:sugar_cane":2,"minecraft:diorite":1,"minecraft:large_fern":2,"minecraft:furnace":1,"minecraft:birch_log":5,"minecraft:iron_ore":8,"minecraft:sweet_berry_bush":2,"minecraft:spruce_log":15,"minecraft:birch_leaves":2,"minecraft:grass":32,"minecraft:oak_log":22,"minecraft:coal_ore":34,"minecraft:dirt":22,"minecraft:stone":152,"minecraft:oak_leaves":7},"minecraft:killed":{"minecraft:pig":7,"minecraft:sheep":28,"minecraft:chicken":9,"minecraft:cow":5},"minecraft:dropped":{"minecraft:wheat_seeds":5,"minecraft:cobblestone":7,"minecraft:rotten_flesh":1,"minecraft:granite":1,"minecraft:cooked_mutton":24,"minecraft:poppy":2,"minecraft:dirt":22,"minecraft:golden_sword":1,"minecraft:magma_block":1,"minecraft:dandelion":1},"minecraft:crafted":{"minecraft:oak_planks":84,"minecraft:stone_shovel":1,"minecraft:spruce_planks":56,"minecraft:wooden_pickaxe":1,"minecraft:stone_axe":1,"minecraft:cooked_mutton":25,"minecraft:air":0,"minecraft:stick":20,"minecraft:stone_pickaxe":2,"minecraft:wooden_axe":1,"minecraft:stone_sword":1,"minecraft:chest":2,"minecraft:white_bed":1,"minecraft:torch":16}},"DataVersion":3465}