{"stats":{"minecraft:custom":{"minecraft:time_since_rest":3325,"minecraft:crouch_one_cm":120,"minecraft:play_time":4180,"minecraft:sprint_one_cm":10137,"minecraft:walk_one_cm":17105,"minecraft:damage_taken":300,"minecraft:deaths":1,"minecraft:sneak_time":4,"minecraft:jump":96,"minecraft:damage_dealt":248,"minecraft:time_since_death":3292,"minecraft:total_world_time":4180,"minecraft:interact_with_crafting_table":3,"minecraft:fall_one_cm":1463,"minecraft:fly_one_cm":6778,"minecraft:player_kills":1},"minecraft:picked_up":{"minecraft:crafting_table":2,"minecraft:wheat_seeds":1,"minecraft:spruce_planks":28,"minecraft:spruce_log":9,"minecraft:dirt":4},"minecraft:mined":{"minecraft:grass":2,"minecraft:grass_block":1,"minecraft:dirt":3,"minecraft:spruce_leaves":3,"minecraft:spruce_log":10,"minecraft:crafting_table":1},"minecraft:crafted":{"minecraft:spruce_planks":20,"minecraft:stick":4,"minecraft:wooden_pickaxe":1,"minecraft:wooden_axe":1},"minecraft:used":{"minecraft:wooden_axe":6,"minecraft:dirt":4,"minecraft:crafting_table":1},"minecraft:killed_by":{"minecraft:player":1}},"DataVersion":3465}