{"stats":{"minecraft:custom":{"minecraft:time_since_rest":27325,"minecraft:interact_with_furnace":3,"minecraft:sprint_one_cm":68104,"minecraft:damage_taken":425,"minecraft:walk_one_cm":152411,"minecraft:mob_kills":14,"minecraft:damage_dealt":1387,"minecraft:player_kills":1,"minecraft:interact_with_crafting_table":5,"minecraft:fly_one_cm":25945,"minecraft:crouch_one_cm":203,"minecraft:play_time":28180,"minecraft:deaths":1,"minecraft:sneak_time":13,"minecraft:walk_under_water_one_cm":2416,"minecraft:jump":449,"minecraft:time_since_death":27292,"minecraft:walk_on_water_one_cm":769,"minecraft:total_world_time":28180,"minecraft:fall_one_cm":7827},"minecraft:mined":{"minecraft:spruce_log":15,"minecraft:dandelion":2,"minecraft:crafting_table":1,"minecraft:granite":1,"minecraft:grass":11,"minecraft:oak_log":5,"minecraft:grass_block":6,"minecraft:coal_ore":24,"minecraft:poppy":2,"minecraft:dirt":10,"minecraft:tall_grass":7,"minecraft:spruce_leaves":8,"minecraft:stone":58,"minecraft:oak_leaves":3},"minecraft:picked_up":{"minecraft:crafting_table":2,"minecraft:feather":3,"minecraft:chicken":2,"minecraft:leather":1,"minecraft:dandelion":1,"minecraft:oak_log":5,"minecraft:spruce_sapling":2,"minecraft:spruce_log":14,"minecraft:dirt":16,"minecraft:arrow":2,"minecraft:rotten_flesh":1,"minecraft:wheat_seeds":4,"minecraft:spruce_planks":28,"minecraft:beef":1,"minecraft:granite":1,"minecraft:poppy":2,"minecraft:black_wool":1,"minecraft:mutton":20,"minecraft:coal":24,"minecraft:white_wool":10,"minecraft:cobblestone":56,"minecraft:egg":1},"minecraft:crafted":{"minecraft:stone_shovel":1,"minecraft:spruce_planks":56,"minecraft:stick":12,"minecraft:wooden_pickaxe":1,"minecraft:stone_pickaxe":1,"minecraft:wooden_axe":1,"minecraft:stone_sword":1,"minecraft:stone_axe":1,"minecraft:cooked_mutton":4},"minecraft:killed":{"minecraft:sheep":11,"minecraft:chicken":2,"minecraft:cow":1},"minecraft:broken":{"minecraft:wooden_axe":1,"minecraft:wooden_pickaxe":1},"minecraft:used":{"minecraft:cooked_mutton":4,"minecraft:wooden_axe":40,"minecraft:chicken":1,"minecraft:stone_pickaxe":42,"minecraft:wooden_pickaxe":65,"minecraft:spruce_sapling":2,"minecraft:stone_axe":7,"minecraft:dirt":5,"minecraft:crafting_table":2,"minecraft:egg":1},"minecraft:killed_by":{"minecraft:player":1}},"DataVersion":3465}