{"stats":{"minecraft:custom":{"minecraft:interact_with_furnace":4,"minecraft:mob_kills":37,"minecraft:interact_with_crafting_table":8,"minecraft:time_since_death":51292,"minecraft:sleep_in_bed":2,"minecraft:time_since_rest":7264,"minecraft:sprint_one_cm":160872,"minecraft:damage_taken":605,"minecraft:walk_one_cm":229413,"minecraft:drop":9,"minecraft:damage_dealt":3409,"minecraft:swim_one_cm":366,"minecraft:fly_one_cm":80166,"minecraft:player_kills":1,"minecraft:open_chest":1,"minecraft:crouch_one_cm":484,"minecraft:play_time":52180,"minecraft:deaths":1,"minecraft:sneak_time":124,"minecraft:walk_under_water_one_cm":5514,"minecraft:jump":828,"minecraft:walk_on_water_one_cm":3683,"minecraft:total_world_time":52180,"minecraft:fall_one_cm":17320},"minecraft:dropped":{"minecraft:wheat_seeds":5,"minecraft:rotten_flesh":1,"minecraft:granite":1,"minecraft:cooked_mutton":11,"minecraft:poppy":2,"minecraft:dirt":22,"minecraft:golden_sword":1,"minecraft:magma_block":1,"minecraft:dandelion":1},"minecraft:mined":{"minecraft:white_bed":2,"minecraft:dandelion":3,"minecraft:crafting_table":2,"minecraft:granite":1,"minecraft:grass_block":12,"minecraft:poppy":2,"minecraft:tall_grass":11,"minecraft:spruce_leaves":8,"minecraft:furnace":1,"minecraft:iron_ore":2,"minecraft:spruce_log":15,"minecraft:grass":25,"minecraft:coal_ore":24,"minecraft:oak_log":5,"minecraft:dirt":16,"minecraft:stone":66,"minecraft:oak_leaves":3},"minecraft:picked_up":{"minecraft:crafting_table":4,"minecraft:magma_block":1,"minecraft:feather":19,"minecraft:chicken":15,"minecraft:leather":1,"minecraft:cooked_rabbit":2,"minecraft:flint":6,"minecraft:oak_log":5,"minecraft:golden_sword":2,"minecraft:dirt":29,"minecraft:cooked_mutton":22,"minecraft:wheat_seeds":5,"minecraft:spruce_planks":28,"minecraft:beef":1,"minecraft:poppy":2,"minecraft:light_gray_wool":2,"minecraft:furnace":1,"minecraft:egg":14,"minecraft:raw_iron":2,"minecraft:dandelion":2,"minecraft:porkchop":1,"minecraft:spruce_sapling":2,"minecraft:white_bed":3,"minecraft:spruce_log":14,"minecraft:arrow":2,"minecraft:rotten_flesh":3,"minecraft:granite":1,"minecraft:coal":55,"minecraft:black_wool":3,"minecraft:mutton":57,"minecraft:white_wool":26,"minecraft:cobblestone":64},"minecraft:crafted":{"minecraft:oak_planks":20,"minecraft:stone_shovel":1,"minecraft:spruce_planks":56,"minecraft:wooden_pickaxe":1,"minecraft:stone_axe":1,"minecraft:cooked_mutton":25,"minecraft:air":0,"minecraft:stick":12,"minecraft:stone_pickaxe":1,"minecraft:wooden_axe":1,"minecraft:stone_sword":1,"minecraft:white_bed":1},"minecraft:killed":{"minecraft:pig":1,"minecraft:sheep":26,"minecraft:chicken":9,"minecraft:cow":1},"minecraft:broken":{"minecraft:wooden_axe":1,"minecraft:wooden_pickaxe":1},"minecraft:used":{"minecraft:cooked_mutton":9,"minecraft:stone_sword":2,"minecraft:stone_pickaxe":56,"minecraft:stone_shovel":12,"minecraft:wooden_pickaxe":65,"minecraft:dirt":5,"minecraft:crafting_table":2,"minecraft:white_bed":3,"minecraft:wooden_axe":40,"minecraft:chicken":1,"minecraft:spruce_sapling":2,"minecraft:stone_axe":13,"minecraft:golden_sword":64,"minecraft:egg":12},"minecraft:killed_by":{"minecraft:player":1}},"DataVersion":3465}