{"stats":{"minecraft:custom":{"minecraft:interact_with_furnace":4,"minecraft:mob_kills":16,"minecraft:interact_with_crafting_table":8,"minecraft:time_since_death":39292,"minecraft:sleep_in_bed":1,"minecraft:time_since_rest":8451,"minecraft:sprint_one_cm":120888,"minecraft:damage_taken":605,"minecraft:walk_one_cm":182191,"minecraft:damage_dealt":1587,"minecraft:fly_one_cm":53578,"minecraft:player_kills":1,"minecraft:open_chest":1,"minecraft:crouch_one_cm":253,"minecraft:play_time":40180,"minecraft:deaths":1,"minecraft:sneak_time":20,"minecraft:walk_under_water_one_cm":5462,"minecraft:jump":628,"minecraft:walk_on_water_one_cm":2632,"minecraft:total_world_time":40180,"minecraft:fall_one_cm":13798},"minecraft:mined":{"minecraft:white_bed":2,"minecraft:dandelion":2,"minecraft:crafting_table":2,"minecraft:granite":1,"minecraft:grass_block":10,"minecraft:poppy":2,"minecraft:tall_grass":7,"minecraft:spruce_leaves":8,"minecraft:furnace":1,"minecraft:spruce_log":15,"minecraft:grass":14,"minecraft:coal_ore":24,"minecraft:oak_log":5,"minecraft:dirt":16,"minecraft:stone":64,"minecraft:oak_leaves":3},"minecraft:picked_up":{"minecraft:crafting_table":3,"minecraft:magma_block":1,"minecraft:feather":4,"minecraft:chicken":3,"minecraft:leather":1,"minecraft:oak_log":5,"minecraft:golden_sword":1,"minecraft:dirt":26,"minecraft:cooked_mutton":5,"minecraft:wheat_seeds":4,"minecraft:spruce_planks":28,"minecraft:beef":1,"minecraft:poppy":2,"minecraft:furnace":1,"minecraft:egg":2,"minecraft:dandelion":1,"minecraft:porkchop":1,"minecraft:spruce_sapling":2,"minecraft:white_bed":2,"minecraft:spruce_log":14,"minecraft:arrow":2,"minecraft:rotten_flesh":1,"minecraft:granite":1,"minecraft:coal":55,"minecraft:black_wool":1,"minecraft:mutton":20,"minecraft:white_wool":10,"minecraft:cobblestone":62},"minecraft:crafted":{"minecraft:oak_planks":20,"minecraft:stone_shovel":1,"minecraft:spruce_planks":56,"minecraft:wooden_pickaxe":1,"minecraft:stone_axe":1,"minecraft:cooked_mutton":25,"minecraft:air":0,"minecraft:stick":12,"minecraft:stone_pickaxe":1,"minecraft:wooden_axe":1,"minecraft:stone_sword":1,"minecraft:white_bed":1},"minecraft:killed":{"minecraft:pig":1,"minecraft:sheep":11,"minecraft:chicken":3,"minecraft:cow":1},"minecraft:broken":{"minecraft:wooden_axe":1,"minecraft:wooden_pickaxe":1},"minecraft:used":{"minecraft:cooked_mutton":6,"minecraft:stone_sword":2,"minecraft:stone_pickaxe":49,"minecraft:stone_shovel":10,"minecraft:wooden_pickaxe":65,"minecraft:dirt":5,"minecraft:crafting_table":2,"minecraft:white_bed":2,"minecraft:wooden_axe":40,"minecraft:chicken":1,"minecraft:spruce_sapling":2,"minecraft:stone_axe":10,"minecraft:golden_sword":5,"minecraft:egg":1},"minecraft:killed_by":{"minecraft:player":1}},"DataVersion":3465}