{"stats":{"minecraft:custom":{"minecraft:time_since_rest":15325,"minecraft:sprint_one_cm":37121,"minecraft:damage_taken":360,"minecraft:walk_one_cm":49997,"minecraft:mob_kills":1,"minecraft:damage_dealt":289,"minecraft:player_kills":1,"minecraft:interact_with_crafting_table":3,"minecraft:fly_one_cm":17901,"minecraft:crouch_one_cm":203,"minecraft:play_time":16180,"minecraft:deaths":1,"minecraft:sneak_time":9,"minecraft:walk_under_water_one_cm":1810,"minecraft:jump":289,"minecraft:time_since_death":15292,"minecraft:walk_on_water_one_cm":480,"minecraft:total_world_time":16180,"minecraft:fall_one_cm":5098},"minecraft:mined":{"minecraft:spruce_log":15,"minecraft:dandelion":2,"minecraft:crafting_table":1,"minecraft:granite":1,"minecraft:grass":6,"minecraft:grass_block":5,"minecraft:coal_ore":4,"minecraft:poppy":2,"minecraft:dirt":7,"minecraft:spruce_leaves":7,"minecraft:stone":7},"minecraft:picked_up":{"minecraft:crafting_table":2,"minecraft:feather":1,"minecraft:chicken":1,"minecraft:dandelion":1,"minecraft:spruce_sapling":2,"minecraft:spruce_log":14,"minecraft:dirt":12,"minecraft:wheat_seeds":2,"minecraft:spruce_planks":28,"minecraft:granite":1,"minecraft:poppy":2,"minecraft:coal":4,"minecraft:cobblestone":7,"minecraft:egg":1},"minecraft:crafted":{"minecraft:spruce_planks":56,"minecraft:stick":4,"minecraft:wooden_pickaxe":1,"minecraft:wooden_axe":1},"minecraft:killed":{"minecraft:chicken":1},"minecraft:used":{"minecraft:wooden_axe":20,"minecraft:chicken":1,"minecraft:wooden_pickaxe":27,"minecraft:spruce_sapling":2,"minecraft:dirt":5,"minecraft:crafting_table":1},"minecraft:killed_by":{"minecraft:player":1}},"DataVersion":3465}