{"stats":{"minecraft:custom":{"minecraft:interact_with_furnace":7,"minecraft:mob_kills":50,"minecraft:interact_with_crafting_table":16,"minecraft:leave_game":3,"minecraft:time_since_death":99858,"minecraft:sleep_in_bed":5,"minecraft:time_since_rest":11791,"minecraft:sprint_one_cm":296699,"minecraft:damage_taken":1247,"minecraft:walk_one_cm":363469,"minecraft:drop":11,"minecraft:damage_dealt":4944,"minecraft:swim_one_cm":366,"minecraft:fly_one_cm":126267,"minecraft:player_kills":1,"minecraft:open_chest":8,"minecraft:crouch_one_cm":971,"minecraft:play_time":100746,"minecraft:deaths":1,"minecraft:sneak_time":260,"minecraft:walk_under_water_one_cm":8868,"minecraft:jump":1478,"minecraft:walk_on_water_one_cm":13422,"minecraft:total_world_time":100746,"minecraft:fall_one_cm":29673},"minecraft:used":{"minecraft:cooked_mutton":15,"minecraft:stone_sword":52,"minecraft:stone_pickaxe":659,"minecraft:stone_shovel":56,"minecraft:oak_planks":17,"minecraft:chest":2,"minecraft:spruce_planks":12,"minecraft:wooden_pickaxe":65,"minecraft:torch":39,"minecraft:dirt":5,"minecraft:crafting_table":6,"minecraft:white_bed":6,"minecraft:wooden_axe":40,"minecraft:chicken":1,"minecraft:spruce_sapling":2,"minecraft:stone_axe":58,"minecraft:golden_sword":68,"minecraft:cobblestone":27,"minecraft:sweet_berries":10,"minecraft:furnace":1,"minecraft:egg":12,"minecraft:cooked_beef":3},"minecraft:killed_by":{"minecraft:player":1},"minecraft:broken":{"minecraft:stone_pickaxe":5,"minecraft:golden_sword":1,"minecraft:wooden_axe":1,"minecraft:wooden_pickaxe":1},"minecraft:picked_up":{"minecraft:birch_log":3,"minecraft:crafting_table":4,"minecraft:magma_block":1,"minecraft:feather":19,"minecraft:chicken":15,"minecraft:leather":6,"minecraft:cooked_rabbit":2,"minecraft:flint":9,"minecraft:oak_log":21,"minecraft:golden_sword":2,"minecraft:dirt":55,"minecraft:raw_copper":133,"minecraft:cooked_mutton":22,"minecraft:bow":1,"minecraft:wheat_seeds":8,"minecraft:spruce_planks":28,"minecraft:beef":11,"minecraft:poppy":2,"minecraft:light_gray_wool":3,"minecraft:sugar_cane":4,"minecraft:egg":15,"minecraft:furnace":1,"minecraft:raw_iron":5,"minecraft:sweet_berries":6,"minecraft:torch":1,"minecraft:dandelion":3,"minecraft:dripstone_block":2,"minecraft:gravel":31,"minecraft:porkchop":12,"minecraft:pointed_dripstone":1,"minecraft:spruce_sapling":2,"minecraft:diorite":19,"minecraft:white_bed":5,"minecraft:spruce_log":14,"minecraft:arrow":4,"minecraft:rotten_flesh":3,"minecraft:granite":11,"minecraft:black_wool":3,"minecraft:mutton":60,"minecraft:coal":110,"minecraft:white_wool":27,"minecraft:cobblestone":548},"minecraft:mined":{"minecraft:white_bed":4,"minecraft:dandelion":3,"minecraft:crafting_table":2,"minecraft:granite":11,"minecraft:grass_block":21,"minecraft:poppy":2,"minecraft:copper_ore":37,"minecraft:tall_grass":13,"minecraft:spruce_leaves":12,"minecraft:sugar_cane":2,"minecraft:diorite":19,"minecraft:wall_torch":1,"minecraft:large_fern":2,"minecraft:furnace":1,"minecraft:birch_log":5,"minecraft:iron_ore":8,"minecraft:sweet_berry_bush":2,"minecraft:spruce_log":15,"minecraft:birch_leaves":2,"minecraft:grass":32,"minecraft:oak_log":22,"minecraft:coal_ore":79,"minecraft:gravel":33,"minecraft:dirt":32,"minecraft:stone":540,"minecraft:oak_leaves":7},"minecraft:killed":{"minecraft:pig":7,"minecraft:skeleton":1,"minecraft:sheep":28,"minecraft:chicken":9,"minecraft:cow":5},"minecraft:dropped":{"minecraft:wheat_seeds":5,"minecraft:cobblestone":7,"minecraft:rotten_flesh":1,"minecraft:granite":1,"minecraft:cooked_mutton":24,"minecraft:poppy":2,"minecraft:dirt":22,"minecraft:golden_sword":1,"minecraft:magma_block":1,"minecraft:dandelion":1},"minecraft:crafted":{"minecraft:cooked_beef":11,"minecraft:oak_planks":84,"minecraft:stone_shovel":1,"minecraft:crafting_table":2,"minecraft:spruce_planks":56,"minecraft:wooden_pickaxe":1,"minecraft:furnace":1,"minecraft:stone_axe":1,"minecraft:cooked_mutton":25,"minecraft:air":0,"minecraft:stick":32,"minecraft:stone_pickaxe":5,"minecraft:wooden_axe":1,"minecraft:stone_sword":1,"minecraft:chest":2,"minecraft:white_bed":1,"minecraft:torch":48}},"DataVersion":3465}