{"stats":{"minecraft:custom":{"minecraft:time_since_rest":8451,"minecraft:interact_with_furnace":4,"minecraft:sprint_one_cm":254869,"minecraft:damage_taken":589,"minecraft:walk_one_cm":122451,"minecraft:mob_kills":1,"minecraft:drop":3,"minecraft:damage_dealt":303,"minecraft:swim_one_cm":6492,"minecraft:interact_with_crafting_table":5,"minecraft:fly_one_cm":64511,"minecraft:open_chest":9,"minecraft:crouch_one_cm":488,"minecraft:play_time":40931,"minecraft:deaths":2,"minecraft:sneak_time":158,"minecraft:walk_under_water_one_cm":1632,"minecraft:boat_one_cm":17865,"minecraft:jump":511,"minecraft:interact_with_blast_furnace":1,"minecraft:sleep_in_bed":1,"minecraft:time_since_death":22831,"minecraft:walk_on_water_one_cm":1365,"minecraft:total_world_time":40931,"minecraft:fall_one_cm":8471},"minecraft:dropped":{"minecraft:rotten_flesh":2,"minecraft:wooden_pickaxe":1},"minecraft:mined":{"minecraft:spruce_planks":1,"minecraft:white_bed":1,"minecraft:snow":2,"minecraft:snow_block":7,"minecraft:stripped_spruce_log":3,"minecraft:spruce_log":56,"minecraft:andesite":2,"minecraft:crafting_table":2,"minecraft:granite":7,"minecraft:spruce_fence":4,"minecraft:grass_block":6,"minecraft:poppy":1,"minecraft:gravel":1,"minecraft:dirt":6,"minecraft:packed_ice":4,"minecraft:tall_grass":1,"minecraft:spruce_leaves":23,"minecraft:stone":11,"minecraft:blue_bed":2},"minecraft:picked_up":{"minecraft:wooden_axe":1,"minecraft:stick":8,"minecraft:crafting_table":2,"minecraft:feather":2,"minecraft:chicken":2,"minecraft:andesite":2,"minecraft:wooden_pickaxe":1,"minecraft:spruce_fence":4,"minecraft:stripped_spruce_log":3,"minecraft:white_bed":1,"minecraft:spruce_sapling":2,"minecraft:spruce_log":54,"minecraft:blue_bed":2,"minecraft:dirt":13,"minecraft:lantern":4,"minecraft:arrow":2,"minecraft:bone":4,"minecraft:rotten_flesh":4,"minecraft:rabbit_hide":2,"minecraft:granite":7,"minecraft:poppy":1,"minecraft:wooden_shovel":2,"minecraft:rabbit":5,"minecraft:snowball":84,"minecraft:cobblestone":11},"minecraft:crafted":{"minecraft:crafting_table":2,"minecraft:spruce_planks":28,"minecraft:stick":8,"minecraft:stone_pickaxe":1,"minecraft:wooden_pickaxe":2,"minecraft:wooden_axe":1,"minecraft:spruce_boat":1,"minecraft:cooked_rabbit":3},"minecraft:killed":{"minecraft:zombie_villager":1},"minecraft:used":{"minecraft:spruce_boat":1,"minecraft:wooden_axe":44,"minecraft:bread":2,"minecraft:iron_sword":2,"minecraft:wooden_pickaxe":20,"minecraft:blue_bed":1,"minecraft:wooden_shovel":25,"minecraft:rotten_flesh":2,"minecraft:dirt":12,"minecraft:crafting_table":3,"minecraft:potato":26,"minecraft:granite":7,"minecraft:snowball":32,"minecraft:spruce_log":3},"minecraft:killed_by":{"minecraft:stray":1}},"DataVersion":3465}