{"stats":{"minecraft:custom":{"minecraft:interact_with_furnace":5,"minecraft:mob_kills":3,"minecraft:interact_with_crafting_table":6,"minecraft:leave_game":1,"minecraft:time_since_death":33279,"minecraft:sleep_in_bed":3,"minecraft:time_since_rest":5712,"minecraft:sprint_one_cm":299170,"minecraft:damage_taken":861,"minecraft:walk_one_cm":155211,"minecraft:drop":10,"minecraft:damage_dealt":443,"minecraft:swim_one_cm":6535,"minecraft:fly_one_cm":98400,"minecraft:open_chest":9,"minecraft:crouch_one_cm":514,"minecraft:play_time":51379,"minecraft:deaths":2,"minecraft:sneak_time":233,"minecraft:walk_under_water_one_cm":2043,"minecraft:boat_one_cm":17865,"minecraft:jump":726,"minecraft:interact_with_blast_furnace":1,"minecraft:walk_on_water_one_cm":3170,"minecraft:total_world_time":51379,"minecraft:fall_one_cm":13723},"minecraft:dropped":{"minecraft:golden_axe":1,"minecraft:rotten_flesh":2,"minecraft:rabbit_hide":1,"minecraft:dirt":1,"minecraft:wooden_pickaxe":1,"minecraft:cooked_rabbit":2,"minecraft:bone":2},"minecraft:mined":{"minecraft:spruce_planks":1,"minecraft:white_bed":3,"minecraft:snow_block":7,"minecraft:crafting_table":2,"minecraft:granite":7,"minecraft:grass_block":8,"minecraft:spruce_fence":4,"minecraft:poppy":1,"minecraft:tall_grass":19,"minecraft:spruce_leaves":23,"minecraft:blue_bed":4,"minecraft:snow":2,"minecraft:spruce_log":56,"minecraft:andesite":2,"minecraft:stripped_spruce_log":3,"minecraft:grass":9,"minecraft:coal_ore":10,"minecraft:dirt":7,"minecraft:gravel":1,"minecraft:packed_ice":4,"minecraft:stone":12},"minecraft:picked_up":{"minecraft:wooden_axe":1,"minecraft:crafting_table":2,"minecraft:feather":2,"minecraft:chicken":2,"minecraft:andesite":2,"minecraft:wooden_pickaxe":1,"minecraft:dirt":16,"minecraft:blue_bed":4,"minecraft:lantern":4,"minecraft:bone":4,"minecraft:wheat_seeds":3,"minecraft:spruce_planks":6,"minecraft:rabbit_hide":2,"minecraft:stone_pickaxe":1,"minecraft:wooden_shovel":2,"minecraft:poppy":1,"minecraft:rabbit":5,"minecraft:egg":2,"minecraft:golden_helmet":1,"minecraft:raw_iron":1,"minecraft:stick":11,"minecraft:spruce_fence":4,"minecraft:fire_charge":2,"minecraft:porkchop":10,"minecraft:golden_axe":1,"minecraft:stripped_spruce_log":3,"minecraft:spruce_sapling":2,"minecraft:spruce_log":54,"minecraft:white_bed":1,"minecraft:stone_sword":1,"minecraft:arrow":4,"minecraft:rotten_flesh":4,"minecraft:granite":7,"minecraft:coal":10,"minecraft:snowball":84,"minecraft:cobblestone":24},"minecraft:crafted":{"minecraft:crafting_table":3,"minecraft:spruce_planks":28,"minecraft:wooden_pickaxe":2,"minecraft:furnace":1,"minecraft:stick":8,"minecraft:stone_pickaxe":1,"minecraft:wooden_axe":1,"minecraft:spruce_boat":1,"minecraft:cooked_rabbit":3},"minecraft:killed":{"minecraft:pig":1,"minecraft:zombie_villager":1,"minecraft:chicken":1},"minecraft:used":{"minecraft:snow_block":1,"minecraft:stone_pickaxe":11,"minecraft:wooden_pickaxe":20,"minecraft:iron_sword":8,"minecraft:blue_bed":3,"minecraft:wooden_shovel":30,"minecraft:rotten_flesh":2,"minecraft:dirt":12,"minecraft:crafting_table":4,"minecraft:granite":7,"minecraft:snowball":32,"minecraft:spruce_log":3,"minecraft:spruce_boat":1,"minecraft:wooden_axe":44,"minecraft:bread":6,"minecraft:cobblestone":3,"minecraft:furnace":1,"minecraft:cooked_rabbit":1,"minecraft:egg":2,"minecraft:potato":26},"minecraft:killed_by":{"minecraft:stray":1}},"DataVersion":3465}