{"stats":{"minecraft:custom":{"minecraft:time_since_rest":10957,"minecraft:interact_with_furnace":4,"minecraft:sprint_one_cm":152622,"minecraft:damage_taken":502,"minecraft:walk_one_cm":87450,"minecraft:mob_kills":1,"minecraft:damage_dealt":243,"minecraft:swim_one_cm":2423,"minecraft:interact_with_crafting_table":1,"minecraft:fly_one_cm":34247,"minecraft:open_chest":6,"minecraft:crouch_one_cm":488,"minecraft:play_time":28931,"minecraft:deaths":2,"minecraft:sneak_time":135,"minecraft:walk_under_water_one_cm":1343,"minecraft:jump":351,"minecraft:interact_with_blast_furnace":1,"minecraft:time_since_death":10831,"minecraft:walk_on_water_one_cm":742,"minecraft:total_world_time":28931,"minecraft:fall_one_cm":5897},"minecraft:mined":{"minecraft:snow":2,"minecraft:snow_block":7,"minecraft:spruce_log":53,"minecraft:andesite":2,"minecraft:crafting_table":2,"minecraft:granite":7,"minecraft:spruce_fence":3,"minecraft:grass_block":6,"minecraft:gravel":1,"minecraft:dirt":6,"minecraft:packed_ice":2,"minecraft:spruce_leaves":23,"minecraft:stone":8,"minecraft:blue_bed":1},"minecraft:picked_up":{"minecraft:wooden_axe":1,"minecraft:stick":8,"minecraft:crafting_table":2,"minecraft:feather":2,"minecraft:chicken":2,"minecraft:andesite":2,"minecraft:wooden_pickaxe":1,"minecraft:spruce_fence":3,"minecraft:spruce_sapling":2,"minecraft:spruce_log":51,"minecraft:blue_bed":1,"minecraft:dirt":13,"minecraft:lantern":3,"minecraft:arrow":2,"minecraft:bone":4,"minecraft:rotten_flesh":4,"minecraft:rabbit_hide":2,"minecraft:granite":7,"minecraft:wooden_shovel":2,"minecraft:rabbit":5,"minecraft:snowball":84,"minecraft:cobblestone":8},"minecraft:crafted":{"minecraft:spruce_planks":8,"minecraft:stick":4,"minecraft:wooden_pickaxe":1,"minecraft:wooden_axe":1,"minecraft:cooked_rabbit":3},"minecraft:killed":{"minecraft:zombie_villager":1},"minecraft:used":{"minecraft:wooden_axe":44,"minecraft:wooden_pickaxe":17,"minecraft:wooden_shovel":25,"minecraft:rotten_flesh":2,"minecraft:dirt":12,"minecraft:crafting_table":1,"minecraft:granite":7,"minecraft:snowball":16,"minecraft:spruce_log":3},"minecraft:killed_by":{"minecraft:stray":1}},"DataVersion":3465}