{"stats":{"minecraft:custom":{"minecraft:jump":51,"minecraft:time_since_rest":4931,"minecraft:damage_dealt":55,"minecraft:sprint_one_cm":9722,"minecraft:play_time":4931,"minecraft:damage_taken":97,"minecraft:time_since_death":4931,"minecraft:walk_one_cm":9530,"minecraft:sneak_time":8,"minecraft:total_world_time":4931,"minecraft:interact_with_crafting_table":1,"minecraft:fall_one_cm":1356,"minecraft:fly_one_cm":4772},"minecraft:mined":{"minecraft:spruce_leaves":10,"minecraft:spruce_log":18,"minecraft:crafting_table":1},"minecraft:picked_up":{"minecraft:crafting_table":1,"minecraft:spruce_sapling":1,"minecraft:spruce_log":17},"minecraft:used":{"minecraft:crafting_table":1}},"DataVersion":3465}