{"stats":{"minecraft:custom":{"minecraft:time_since_rest":5324,"minecraft:sprint_one_cm":97796,"minecraft:damage_taken":492,"minecraft:walk_one_cm":43295,"minecraft:damage_dealt":65,"minecraft:swim_one_cm":2423,"minecraft:interact_with_crafting_table":1,"minecraft:fly_one_cm":24819,"minecraft:crouch_one_cm":488,"minecraft:play_time":16931,"minecraft:deaths":1,"minecraft:sneak_time":129,"minecraft:walk_under_water_one_cm":1343,"minecraft:jump":226,"minecraft:time_since_death":5231,"minecraft:walk_on_water_one_cm":742,"minecraft:total_world_time":16931,"minecraft:fall_one_cm":4238},"minecraft:mined":{"minecraft:spruce_log":53,"minecraft:andesite":2,"minecraft:crafting_table":2,"minecraft:granite":7,"minecraft:grass_block":1,"minecraft:gravel":1,"minecraft:dirt":3,"minecraft:spruce_leaves":16,"minecraft:stone":8},"minecraft:picked_up":{"minecraft:wooden_axe":1,"minecraft:stick":6,"minecraft:crafting_table":2,"minecraft:feather":2,"minecraft:chicken":1,"minecraft:andesite":2,"minecraft:wooden_pickaxe":1,"minecraft:spruce_sapling":2,"minecraft:spruce_log":51,"minecraft:dirt":5,"minecraft:arrow":1,"minecraft:bone":2,"minecraft:rotten_flesh":2,"minecraft:rabbit_hide":1,"minecraft:granite":7,"minecraft:wooden_shovel":1,"minecraft:rabbit":2,"minecraft:snowball":67,"minecraft:cobblestone":8},"minecraft:crafted":{"minecraft:spruce_planks":8,"minecraft:stick":4,"minecraft:wooden_pickaxe":1,"minecraft:wooden_axe":1},"minecraft:used":{"minecraft:wooden_axe":43,"minecraft:wooden_pickaxe":17,"minecraft:rotten_flesh":2,"minecraft:dirt":4,"minecraft:crafting_table":1,"minecraft:granite":7,"minecraft:snowball":16,"minecraft:spruce_log":1},"minecraft:killed_by":{"minecraft:stray":1}},"DataVersion":3465}