{"stats":{"minecraft:killed_by":{"minecraft:skeleton":1,"minecraft:zombie":1},"minecraft:crafted":{"minecraft:wooden_shovel":1,"minecraft:crafting_table":1,"minecraft:spruce_planks":24,"minecraft:stick":8,"minecraft:wooden_pickaxe":1,"minecraft:wooden_axe":1},"minecraft:used":{"minecraft:wooden_axe":21,"minecraft:wooden_shovel":26,"minecraft:dirt":8,"minecraft:crafting_table":2},"minecraft:killed":{"minecraft:skeleton":1,"minecraft:chicken":1,"minecraft:zombie_villager":1,"minecraft:rabbit":1},"minecraft:custom":{"minecraft:time_since_rest":1223,"minecraft:sprint_one_cm":35699,"minecraft:damage_taken":490,"minecraft:walk_one_cm":34896,"minecraft:mob_kills":4,"minecraft:damage_dealt":534,"minecraft:interact_with_crafting_table":2,"minecraft:fly_one_cm":18154,"minecraft:crouch_one_cm":534,"minecraft:play_time":16273,"minecraft:deaths":2,"minecraft:sneak_time":62,"minecraft:jump":151,"minecraft:leave_game":1,"minecraft:walk_on_water_one_cm":154,"minecraft:time_since_death":853,"minecraft:total_world_time":16273,"minecraft:fall_one_cm":3980},"minecraft:mined":{"minecraft:snow":25,"minecraft:spruce_log":10,"minecraft:crafting_table":1,"minecraft:grass":1,"minecraft:grass_block":1,"minecraft:dirt":7,"minecraft:spruce_leaves":7,"minecraft:fern":1},"minecraft:picked_up":{"minecraft:crafting_table":1,"minecraft:feather":2,"minecraft:chicken":1,"minecraft:spruce_log":10,"minecraft:dirt":9,"minecraft:bone":2,"minecraft:arrow":1,"minecraft:rotten_flesh":2,"minecraft:rabbit_hide":1,"minecraft:rabbit":1,"minecraft:snowball":39,"minecraft:egg":1}},"DataVersion":3465}