{"stats":{"minecraft:custom":{"minecraft:jump":51,"minecraft:time_since_rest":6052,"minecraft:damage_dealt":48,"minecraft:crouch_one_cm":335,"minecraft:sprint_one_cm":9923,"minecraft:play_time":6052,"minecraft:damage_taken":20,"minecraft:time_since_death":6052,"minecraft:walk_one_cm":12119,"minecraft:sneak_time":37,"minecraft:total_world_time":6052,"minecraft:mob_kills":1,"minecraft:fall_one_cm":1736,"minecraft:fly_one_cm":5542},"minecraft:crafted":{"minecraft:spruce_planks":24},"minecraft:mined":{"minecraft:grass":1,"minecraft:spruce_leaves":7,"minecraft:spruce_log":6},"minecraft:killed":{"minecraft:chicken":1},"minecraft:picked_up":{"minecraft:feather":2,"minecraft:chicken":1,"minecraft:spruce_log":6}},"DataVersion":3465}