{"stats":{"minecraft:custom":{"minecraft:time_since_rest":26231,"minecraft:interact_with_furnace":6,"minecraft:sprint_one_cm":65874,"minecraft:damage_taken":415,"minecraft:walk_one_cm":96548,"minecraft:mob_kills":20,"minecraft:damage_dealt":1721,"minecraft:player_kills":1,"minecraft:interact_with_crafting_table":2,"minecraft:fly_one_cm":74984,"minecraft:open_chest":1,"minecraft:crouch_one_cm":218,"minecraft:play_time":28813,"minecraft:deaths":1,"minecraft:sneak_time":71,"minecraft:jump":565,"minecraft:time_since_death":26200,"minecraft:total_world_time":28813,"minecraft:fall_one_cm":10578},"minecraft:mined":{"minecraft:spruce_planks":1,"minecraft:furnace":1,"minecraft:spruce_log":14,"minecraft:crafting_table":2,"minecraft:grass":3,"minecraft:grass_block":2,"minecraft:coal_ore":14,"minecraft:dirt":4,"minecraft:stone":14,"minecraft:oak_leaves":3},"minecraft:picked_up":{"minecraft:crafting_table":2,"minecraft:feather":7,"minecraft:chicken":7,"minecraft:porkchop":8,"minecraft:spruce_log":14,"minecraft:dirt":6,"minecraft:arrow":2,"minecraft:wheat_seeds":1,"minecraft:spruce_planks":1,"minecraft:light_gray_wool":1,"minecraft:mutton":16,"minecraft:coal":18,"minecraft:white_wool":8,"minecraft:furnace":1,"minecraft:cobblestone":16,"minecraft:egg":1},"minecraft:crafted":{"minecraft:spruce_wood":3,"minecraft:crafting_table":2,"minecraft:stick":8,"minecraft:spruce_planks":52,"minecraft:cooked_chicken":4,"minecraft:wooden_pickaxe":1,"minecraft:stone_pickaxe":1,"minecraft:stone_sword":1,"minecraft:furnace":1,"minecraft:cooked_mutton":7,"minecraft:air":0},"minecraft:killed":{"minecraft:sheep":10,"minecraft:pig":3,"minecraft:chicken":7},"minecraft:used":{"minecraft:cooked_mutton":2,"minecraft:stone_sword":42,"minecraft:stone_pickaxe":14,"minecraft:spruce_planks":1,"minecraft:wooden_pickaxe":18,"minecraft:cooked_chicken":4,"minecraft:dirt":3,"minecraft:crafting_table":2,"minecraft:furnace":2},"minecraft:killed_by":{"minecraft:player":1}},"DataVersion":3465}