{"stats":{"minecraft:custom":{"minecraft:time_since_rest":8451,"minecraft:interact_with_furnace":10,"minecraft:sprint_one_cm":130419,"minecraft:damage_taken":496,"minecraft:walk_one_cm":113918,"minecraft:mob_kills":21,"minecraft:drop":1,"minecraft:damage_dealt":1801,"minecraft:swim_one_cm":222,"minecraft:player_kills":1,"minecraft:interact_with_crafting_table":3,"minecraft:fly_one_cm":189284,"minecraft:open_chest":2,"minecraft:crouch_one_cm":1213,"minecraft:play_time":40813,"minecraft:deaths":1,"minecraft:sneak_time":327,"minecraft:walk_under_water_one_cm":3923,"minecraft:jump":1026,"minecraft:walk_on_water_one_cm":1953,"minecraft:time_since_death":38200,"minecraft:sleep_in_bed":1,"minecraft:total_world_time":40813,"minecraft:fall_one_cm":27793},"minecraft:dropped":{"minecraft:golden_sword":1},"minecraft:mined":{"minecraft:spruce_planks":1,"minecraft:white_bed":1,"minecraft:furnace":1,"minecraft:iron_ore":1,"minecraft:spruce_log":14,"minecraft:crafting_table":2,"minecraft:grass":4,"minecraft:grass_block":2,"minecraft:coal_ore":31,"minecraft:dirt":4,"minecraft:stone":22,"minecraft:diorite":1,"minecraft:oak_leaves":3},"minecraft:picked_up":{"minecraft:raw_iron":1,"minecraft:crafting_table":2,"minecraft:feather":7,"minecraft:chicken":7,"minecraft:porkchop":8,"minecraft:diorite":1,"minecraft:white_bed":1,"minecraft:spruce_log":14,"minecraft:dirt":6,"minecraft:arrow":2,"minecraft:wheat_seeds":1,"minecraft:spruce_planks":1,"minecraft:light_gray_wool":1,"minecraft:mutton":21,"minecraft:coal":35,"minecraft:white_wool":9,"minecraft:furnace":1,"minecraft:cobblestone":24,"minecraft:egg":3},"minecraft:crafted":{"minecraft:spruce_wood":3,"minecraft:crafting_table":2,"minecraft:stick":8,"minecraft:spruce_planks":52,"minecraft:cooked_chicken":4,"minecraft:wooden_pickaxe":1,"minecraft:stone_pickaxe":1,"minecraft:stone_sword":1,"minecraft:furnace":1,"minecraft:white_bed":1,"minecraft:cooked_mutton":11,"minecraft:air":0},"minecraft:killed":{"minecraft:sheep":11,"minecraft:pig":3,"minecraft:chicken":7},"minecraft:used":{"minecraft:cooked_mutton":5,"minecraft:stone_sword":42,"minecraft:stone_pickaxe":42,"minecraft:spruce_planks":1,"minecraft:wooden_pickaxe":18,"minecraft:cooked_chicken":4,"minecraft:golden_helmet":1,"minecraft:golden_sword":3,"minecraft:dirt":6,"minecraft:crafting_table":2,"minecraft:furnace":2,"minecraft:white_bed":1},"minecraft:killed_by":{"minecraft:player":1}},"DataVersion":3465}