{"stats":{"minecraft:custom":{"minecraft:interact_with_furnace":12,"minecraft:mob_kills":21,"minecraft:interact_with_crafting_table":4,"minecraft:time_since_death":24969,"minecraft:sleep_in_bed":3,"minecraft:time_since_rest":8559,"minecraft:sprint_one_cm":293718,"minecraft:damage_taken":993,"minecraft:walk_one_cm":180729,"minecraft:drop":1,"minecraft:damage_dealt":1801,"minecraft:swim_one_cm":7023,"minecraft:fly_one_cm":371071,"minecraft:player_kills":1,"minecraft:open_chest":2,"minecraft:crouch_one_cm":2202,"minecraft:play_time":70813,"minecraft:deaths":2,"minecraft:sneak_time":635,"minecraft:walk_under_water_one_cm":6417,"minecraft:jump":2024,"minecraft:walk_on_water_one_cm":16665,"minecraft:total_world_time":70813,"minecraft:fall_one_cm":59605},"minecraft:dropped":{"minecraft:golden_sword":1},"minecraft:mined":{"minecraft:spruce_planks":1,"minecraft:white_bed":1,"minecraft:crafting_table":3,"minecraft:grass_block":5,"minecraft:spruce_leaves":8,"minecraft:sugar_cane":2,"minecraft:diorite":1,"minecraft:furnace":2,"minecraft:iron_ore":3,"minecraft:spruce_log":14,"minecraft:grass":4,"minecraft:coal_ore":37,"minecraft:dirt":6,"minecraft:stone":24,"minecraft:oak_leaves":7},"minecraft:picked_up":{"minecraft:crafting_table":3,"minecraft:feather":7,"minecraft:chicken":7,"minecraft:golden_sword":1,"minecraft:dirt":32,"minecraft:beetroot_soup":1,"minecraft:cooked_mutton":13,"minecraft:wheat_seeds":1,"minecraft:spruce_planks":5,"minecraft:light_gray_wool":1,"minecraft:sugar_cane":3,"minecraft:egg":4,"minecraft:furnace":2,"minecraft:golden_helmet":1,"minecraft:raw_iron":8,"minecraft:cooked_porkchop":5,"minecraft:fire_charge":2,"minecraft:porkchop":8,"minecraft:stripped_spruce_log":1,"minecraft:spruce_sapling":1,"minecraft:diorite":1,"minecraft:white_bed":3,"minecraft:spruce_log":16,"minecraft:stone_sword":1,"minecraft:arrow":2,"minecraft:black_wool":1,"minecraft:mutton":23,"minecraft:coal":54,"minecraft:white_wool":9,"minecraft:cobblestone":26},"minecraft:crafted":{"minecraft:crafting_table":3,"minecraft:spruce_planks":56,"minecraft:wooden_pickaxe":1,"minecraft:cooked_chicken":4,"minecraft:furnace":1,"minecraft:cooked_mutton":11,"minecraft:air":0,"minecraft:spruce_wood":3,"minecraft:stick":12,"minecraft:iron_ingot":4,"minecraft:iron_pickaxe":1,"minecraft:stone_pickaxe":1,"minecraft:stone_sword":1,"minecraft:white_bed":1},"minecraft:killed":{"minecraft:pig":3,"minecraft:sheep":11,"minecraft:chicken":7},"minecraft:used":{"minecraft:cooked_mutton":9,"minecraft:stone_sword":46,"minecraft:stone_pickaxe":50,"minecraft:spruce_planks":1,"minecraft:wooden_pickaxe":18,"minecraft:cooked_chicken":4,"minecraft:dirt":20,"minecraft:mutton":2,"minecraft:crafting_table":3,"minecraft:white_bed":3,"minecraft:iron_pickaxe":3,"minecraft:spruce_sapling":1,"minecraft:golden_helmet":2,"minecraft:golden_sword":4,"minecraft:furnace":2,"minecraft:cooked_porkchop":5},"minecraft:killed_by":{"minecraft:player":1}},"DataVersion":3465}