{"stats":{"minecraft:custom":{"minecraft:time_since_rest":14231,"minecraft:interact_with_furnace":2,"minecraft:sprint_one_cm":43584,"minecraft:damage_taken":405,"minecraft:walk_one_cm":60829,"minecraft:mob_kills":5,"minecraft:damage_dealt":581,"minecraft:player_kills":1,"minecraft:interact_with_crafting_table":2,"minecraft:fly_one_cm":43167,"minecraft:open_chest":1,"minecraft:crouch_one_cm":217,"minecraft:play_time":16813,"minecraft:deaths":1,"minecraft:sneak_time":68,"minecraft:jump":341,"minecraft:time_since_death":14200,"minecraft:total_world_time":16813,"minecraft:fall_one_cm":5771},"minecraft:mined":{"minecraft:furnace":1,"minecraft:spruce_log":14,"minecraft:crafting_table":2,"minecraft:grass":3,"minecraft:grass_block":1,"minecraft:coal_ore":5,"minecraft:dirt":4,"minecraft:stone":13},"minecraft:picked_up":{"minecraft:crafting_table":2,"minecraft:feather":3,"minecraft:chicken":4,"minecraft:spruce_log":14,"minecraft:dirt":5,"minecraft:wheat_seeds":1,"minecraft:coal":9,"minecraft:furnace":1,"minecraft:cobblestone":13,"minecraft:egg":1},"minecraft:crafted":{"minecraft:spruce_wood":3,"minecraft:crafting_table":2,"minecraft:stick":8,"minecraft:spruce_planks":52,"minecraft:cooked_chicken":4,"minecraft:wooden_pickaxe":1,"minecraft:stone_pickaxe":1,"minecraft:stone_sword":1,"minecraft:furnace":1,"minecraft:air":0},"minecraft:killed":{"minecraft:sheep":1,"minecraft:chicken":4},"minecraft:used":{"minecraft:stone_sword":15,"minecraft:stone_pickaxe":1,"minecraft:spruce_planks":1,"minecraft:wooden_pickaxe":18,"minecraft:cooked_chicken":3,"minecraft:crafting_table":2,"minecraft:furnace":1},"minecraft:killed_by":{"minecraft:player":1}},"DataVersion":3465}