{"stats":{"minecraft:custom":{"minecraft:time_since_rest":2231,"minecraft:crouch_one_cm":31,"minecraft:play_time":4813,"minecraft:sprint_one_cm":20158,"minecraft:walk_one_cm":9059,"minecraft:damage_taken":260,"minecraft:deaths":1,"minecraft:sneak_time":37,"minecraft:jump":136,"minecraft:damage_dealt":219,"minecraft:time_since_death":2200,"minecraft:total_world_time":4813,"minecraft:interact_with_crafting_table":1,"minecraft:fall_one_cm":1558,"minecraft:fly_one_cm":19726,"minecraft:player_kills":1},"minecraft:mined":{"minecraft:spruce_log":14,"minecraft:crafting_table":1},"minecraft:picked_up":{"minecraft:crafting_table":1,"minecraft:wheat_seeds":1,"minecraft:spruce_log":14,"minecraft:egg":1},"minecraft:crafted":{"minecraft:crafting_table":2,"minecraft:spruce_wood":3,"minecraft:spruce_planks":52,"minecraft:stick":4,"minecraft:wooden_pickaxe":1},"minecraft:used":{"minecraft:crafting_table":1},"minecraft:killed_by":{"minecraft:player":1}},"DataVersion":3465}