{"stats":{"minecraft:custom":{"minecraft:jump":130,"minecraft:time_since_rest":4757,"minecraft:damage_taken":20,"minecraft:sprint_one_cm":23173,"minecraft:play_time":4757,"minecraft:time_since_death":4757,"minecraft:walk_one_cm":3826,"minecraft:sneak_time":4,"minecraft:total_world_time":4757,"minecraft:boat_one_cm":20790,"minecraft:interact_with_crafting_table":1,"minecraft:fall_one_cm":4155,"minecraft:fly_one_cm":32624},"minecraft:crafted":{"minecraft:crafting_table":1,"minecraft:spruce_planks":12,"minecraft:spruce_boat":1},"minecraft:mined":{"minecraft:spruce_leaves":2,"minecraft:spruce_log":4,"minecraft:crafting_table":1},"minecraft:used":{"minecraft:spruce_boat":1,"minecraft:crafting_table":1},"minecraft:picked_up":{"minecraft:crafting_table":1,"minecraft:spruce_log":3,"minecraft:spruce_boat":1}},"DataVersion":3465}