{"stats":{"minecraft:custom":{"minecraft:time_since_rest":6213,"minecraft:interact_with_furnace":9,"minecraft:sprint_one_cm":52023,"minecraft:damage_taken":190,"minecraft:walk_one_cm":111498,"minecraft:mob_kills":7,"minecraft:damage_dealt":652,"minecraft:swim_one_cm":1215,"minecraft:interact_with_crafting_table":10,"minecraft:fly_one_cm":72504,"minecraft:open_chest":1,"minecraft:play_time":20337,"minecraft:sneak_time":7,"minecraft:walk_under_water_one_cm":400,"minecraft:boat_one_cm":20790,"minecraft:jump":547,"minecraft:leave_game":1,"minecraft:walk_on_water_one_cm":3128,"minecraft:time_since_death":20337,"minecraft:sleep_in_bed":1,"minecraft:total_world_time":20337,"minecraft:fall_one_cm":12213},"minecraft:crafted":{"minecraft:oak_planks":40,"minecraft:shield":1,"minecraft:crafting_table":1,"minecraft:spruce_planks":12,"minecraft:stick":8,"minecraft:iron_ingot":6,"minecraft:wooden_pickaxe":1,"minecraft:iron_pickaxe":1,"minecraft:stone_pickaxe":1,"minecraft:iron_sword":1,"minecraft:furnace":1,"minecraft:white_bed":1,"minecraft:spruce_boat":1,"minecraft:air":0,"minecraft:cooked_mutton":3},"minecraft:mined":{"minecraft:white_bed":1,"minecraft:furnace":1,"minecraft:iron_ore":6,"minecraft:spruce_log":4,"minecraft:crafting_table":4,"minecraft:grass":22,"minecraft:coal_ore":13,"minecraft:oak_log":10,"minecraft:tall_grass":8,"minecraft:spruce_leaves":2,"minecraft:stone":23,"minecraft:oak_leaves":2},"minecraft:used":{"minecraft:cooked_mutton":3,"minecraft:spruce_boat":1,"minecraft:stone_pickaxe":67,"minecraft:iron_pickaxe":2,"minecraft:wooden_pickaxe":3,"minecraft:iron_sword":35,"minecraft:crafting_table":4,"minecraft:furnace":1,"minecraft:white_bed":1},"minecraft:killed":{"minecraft:sheep":6,"minecraft:cow":1},"minecraft:picked_up":{"minecraft:crafting_table":4,"minecraft:stick":1,"minecraft:raw_iron":6,"minecraft:leather":2,"minecraft:oak_log":10,"minecraft:white_bed":1,"minecraft:spruce_log":3,"minecraft:spruce_boat":1,"minecraft:wheat_seeds":3,"minecraft:beef":1,"minecraft:oak_sapling":1,"minecraft:mutton":8,"minecraft:coal":24,"minecraft:white_wool":6,"minecraft:cobblestone":23,"minecraft:furnace":1}},"DataVersion":3465}