{"stats":{"minecraft:crafted":{"minecraft:cooked_beef":6,"minecraft:oak_planks":40,"minecraft:shield":1,"minecraft:crafting_table":1,"minecraft:spruce_planks":12,"minecraft:stick":8,"minecraft:wooden_pickaxe":1,"minecraft:iron_ingot":6,"minecraft:iron_pickaxe":1,"minecraft:stone_pickaxe":1,"minecraft:iron_sword":1,"minecraft:furnace":1,"minecraft:white_bed":1,"minecraft:spruce_boat":1,"minecraft:air":0,"minecraft:cooked_mutton":3},"minecraft:killed":{"minecraft:sheep":6,"minecraft:cow":3},"minecraft:used":{"minecraft:spruce_boat":1,"minecraft:cooked_mutton":3,"minecraft:stone_pickaxe":67,"minecraft:iron_pickaxe":3,"minecraft:wooden_pickaxe":3,"minecraft:iron_sword":40,"minecraft:crafting_table":5,"minecraft:furnace":2,"minecraft:white_bed":1},"minecraft:custom":{"minecraft:time_since_rest":9600,"minecraft:interact_with_furnace":11,"minecraft:sprint_one_cm":52732,"minecraft:damage_taken":190,"minecraft:walk_one_cm":118189,"minecraft:mob_kills":9,"minecraft:damage_dealt":852,"minecraft:swim_one_cm":1215,"minecraft:interact_with_crafting_table":11,"minecraft:fly_one_cm":74347,"minecraft:open_chest":1,"minecraft:play_time":23724,"minecraft:sneak_time":9,"minecraft:walk_under_water_one_cm":400,"minecraft:boat_one_cm":20790,"minecraft:jump":565,"minecraft:leave_game":2,"minecraft:time_since_death":23724,"minecraft:walk_on_water_one_cm":3128,"minecraft:sleep_in_bed":1,"minecraft:total_world_time":23724,"minecraft:fall_one_cm":12422},"minecraft:mined":{"minecraft:white_bed":1,"minecraft:furnace":2,"minecraft:iron_ore":6,"minecraft:spruce_log":4,"minecraft:crafting_table":5,"minecraft:grass":22,"minecraft:oak_log":10,"minecraft:coal_ore":13,"minecraft:tall_grass":9,"minecraft:spruce_leaves":2,"minecraft:stone":23,"minecraft:oak_leaves":2},"minecraft:picked_up":{"minecraft:crafting_table":5,"minecraft:stick":1,"minecraft:raw_iron":6,"minecraft:leather":3,"minecraft:oak_log":10,"minecraft:white_bed":1,"minecraft:spruce_log":3,"minecraft:spruce_boat":1,"minecraft:wheat_seeds":3,"minecraft:beef":6,"minecraft:oak_sapling":1,"minecraft:mutton":8,"minecraft:coal":34,"minecraft:white_wool":6,"minecraft:cobblestone":23,"minecraft:furnace":2}},"DataVersion":3465}