{"stats":{"minecraft:custom":{"minecraft:time_since_rest":2633,"minecraft:interact_with_furnace":7,"minecraft:sprint_one_cm":31728,"minecraft:damage_taken":180,"minecraft:walk_one_cm":106761,"minecraft:mob_kills":3,"minecraft:damage_dealt":312,"minecraft:interact_with_crafting_table":6,"minecraft:fly_one_cm":46168,"minecraft:open_chest":1,"minecraft:play_time":16757,"minecraft:sneak_time":6,"minecraft:walk_under_water_one_cm":338,"minecraft:boat_one_cm":20790,"minecraft:jump":444,"minecraft:walk_on_water_one_cm":1693,"minecraft:time_since_death":16757,"minecraft:sleep_in_bed":1,"minecraft:total_world_time":16757,"minecraft:fall_one_cm":9159},"minecraft:crafted":{"minecraft:oak_planks":24,"minecraft:crafting_table":1,"minecraft:spruce_planks":12,"minecraft:stick":4,"minecraft:wooden_pickaxe":1,"minecraft:stone_pickaxe":1,"minecraft:furnace":1,"minecraft:white_bed":1,"minecraft:spruce_boat":1,"minecraft:air":0,"minecraft:cooked_mutton":3},"minecraft:mined":{"minecraft:white_bed":1,"minecraft:iron_ore":6,"minecraft:spruce_log":4,"minecraft:crafting_table":3,"minecraft:grass":8,"minecraft:coal_ore":13,"minecraft:oak_log":6,"minecraft:tall_grass":1,"minecraft:spruce_leaves":2,"minecraft:stone":23},"minecraft:used":{"minecraft:cooked_mutton":3,"minecraft:spruce_boat":1,"minecraft:stone_pickaxe":67,"minecraft:wooden_pickaxe":3,"minecraft:crafting_table":4,"minecraft:furnace":1,"minecraft:white_bed":1},"minecraft:killed":{"minecraft:sheep":3},"minecraft:picked_up":{"minecraft:crafting_table":3,"minecraft:stick":1,"minecraft:raw_iron":6,"minecraft:oak_log":6,"minecraft:white_bed":1,"minecraft:spruce_log":3,"minecraft:spruce_boat":1,"minecraft:wheat_seeds":1,"minecraft:oak_sapling":1,"minecraft:mutton":3,"minecraft:coal":13,"minecraft:white_wool":3,"minecraft:cobblestone":23}},"DataVersion":3465}